,Messstelle,LQI<sub>BW</sub>,NO<sub>2</sub> [µg/m<sup>3</sup>],O<sub>3</sub> [µg/m<sup>3</sup>],PM<sub>10</sub> [µg/m<sup>3</sup>],"PM<sub>2,5</sub> [µg/m<sup>3</sup>]",Kategorie,Reg.-Bez.,extra_0,extra_1,extra_2,extra_3
0,Aalen,2,2,4,7,53.0,8.0,8,4.0,4,städt. Hgr.,S
1,Baden-Baden,2,2,2,4,65.0,7.0,7,3.0,3,städt. Hgr.,KA
2,Bernhausen,2,2,2,6,51.0,6.0,6,3.0,3,städt. Hgr.,S
3,Biberach,2,2,3,4,58.0,6.0,7,3.0,5,städt. Hgr.,TÜ
4,Eggenstein,2,2,2,9,52.0,8.0,8,4.0,4,städt. Hgr.,KA
5,Freiburg,2,2,2,2,72.0,9.0,10,4.0,4,städt. Hgr.,FR
6,Freiburg Schwarzwaldstraße,1,2,2,8,,7.0,7,4.0,4,Verkehr,FR
7,Friedrichshafen,2,2,3,10,49.0,6.0,8,4.0,5,städt. Hgr.,TÜ
8,Gärtringen,2,2,3,3,60.0,5.0,5,3.0,3,städt. Hgr.,S
9,Heidelberg,2,2,2,5,52.0,7.0,8,4.0,4,städt. Hgr.,KA
10,Heilbronn,2,2,3,14,49.0,15.0,17,5.0,5,städt. Hgr.,S
11,Heilbronn Weinsberger Straße-Ost,1,2,3,17,,,,,,Verkehr,S
12,Karlsruhe Reinhold-Frank-Straße,1,2,2,9,,8.0,8,4.0,4,Verkehr,KA
13,Karlsruhe-Nordwest,2,2,2,5,57.0,8.0,8,4.0,4,städt. Hgr.,KA
14,Kehl,2,2,2,10,54.0,9.0,10,4.0,5,städt. Hgr.,FR
15,Konstanz,2,2,2,8,48.0,6.0,9,3.0,5,städt. Hgr.,
16,Ludwigsburg,2,2,2,6,60.0,7.0,7,3.0,3,städt. Hgr.,S
17,Ludwigsburg Schlossstraße,2,3,3,26,,9.0,10,4.0,5,Spot (kontinuierlich),S
18,Mannheim Friedrichsring,1,2,2,13,,9.0,9,4.0,4,Verkehr,KA
19,Mannheim-Nord,2,2,2,25,39.0,8.0,8,4.0,4,städt. Hgr.,KA
20,Neuenburg,2,2,2,6,67.0,9.0,9,4.0,4,städt. Hgr.,FR
21,Pforzheim,2,2,2,5,57.0,7.0,8,3.0,3,städt. Hgr.,KA
22,Pforzheim Luisenstraße,2,3,3,30,,9.0,9,5.0,5,Spot (kontinuierlich),KA
23,Reutlingen,1,2,2,16,18.0,7.0,7,4.0,4,städt. Hgr.,TÜ
24,Reutlingen Lederstraße-Ost,2,2,2,27,,8.0,8,4.0,4,Verkehr,TÜ
25,Schramberg Oberndorfer Straße,1,2,2,13,,,,,,Verkehr,FR
26,Schwarzwald-Süd,2,2,2,2,62.0,6.0,6,4.0,4,ländl. Hgr.,FR
27,Schwäbisch Hall,2,2,2,4,61.0,6.0,7,3.0,4,städt. Hgr.,S
28,Schwäbische Alb,2,2,3,3,55.0,4.0,4,2.0,3,ländl. Hgr.,TÜ
29,Stuttgart Hauptstätter Straße,1,2,2,14,,8.0,8,4.0,4,Spot (kontinuierlich),S
30,Stuttgart Hohenheimer Straße,1,2,2,12,,,,,,Spot (kontinuierlich),S
31,Stuttgart-Bad Cannstatt,2,2,2,6,63.0,6.0,7,3.0,4,städt. Hgr.,S
32,Tauberbischofsheim,2,2,2,7,54.0,6.0,7,4.0,4,städt. Hgr.,S
33,Tübingen Mühlstraße,1,2,2,19,,7.0,8,4.0,4,Spot (kontinuierlich),TÜ
34,Ulm,2,2,2,5,59.0,8.0,9,4.0,6,städt. Hgr.,TÜ
35,Villingen-Schwenningen,2,2,2,2,66.0,5.0,5,3.0,4,städt. Hgr.,FR
36,Weil am Rhein,2,2,2,6,59.0,9.0,10,4.0,5,städt. Hgr.,FR
37,Wiesloch,2,2,2,6,52.0,7.0,7,4.0,4,städt. Hgr.,KA
